"baseMean","log2FoldChange","lfcSE","stat","pvalue","padj","gene"
143.594766333061,-1.38598701612341,0.2533400725397,-5.47085584301401,4.47867490160485e-08,2.46821610508002e-06,"ENSMUSG00000000340.10"
86.7271904954737,-1.11633533782152,0.336179101430786,-3.32065655797869,0.000898059745374683,0.0128283759212557,"ENSMUSG00000000628.10"
2444.00168039144,-1.10758703377419,0.182288407256516,-6.07601465416063,1.23206155378313e-09,8.93116819277643e-08,"ENSMUSG00000001472.16"
256.513483810018,-1.10057282689111,0.221157302052442,-4.97642545227893,6.47692041328975e-07,2.6375710867173e-05,"ENSMUSG00000001542.6"
266.772498913435,-1.11635434345176,0.243334458125654,-4.58773636931968,4.4807797263906e-06,0.000143106438427868,"ENSMUSG00000001627.11"
70.9313440680708,-1.06955147482295,0.297722500820297,-3.59244421189556,0.000327590801612924,0.005683228703255,"ENSMUSG00000001986.16"
78.6105061207407,-1.08880495013293,0.293311438396835,-3.71211213611053,0.000205536883736428,0.00381992484986745,"ENSMUSG00000002332.15"
591.781139915317,-2.46413154264541,0.23262297077142,-10.5928126292683,3.21775512059298e-26,1.30730655713394e-23,"ENSMUSG00000002769.8"
178.240537485312,-1.6525961613502,0.276268981868202,-5.9818375199956,2.20634303639209e-09,1.54179251383079e-07,"ENSMUSG00000003526.11"
150.9564376507,-1.06962804677111,0.257045649380848,-4.16123769979204,3.16527412373496e-05,0.000784359417612054,"ENSMUSG00000003809.14"
186.249049481943,-1.04171069023231,0.299275347412123,-3.480776813861,0.000499961904466808,0.00802050915613878,"ENSMUSG00000004187.10"
110.830544707987,-4.91606317565784,0.455036195819894,-10.8036750061168,3.30696754727092e-27,1.40909080611763e-24,"ENSMUSG00000004791.6"
45.1438205790894,-4.68659316660325,0.541641962389731,-8.65256662524068,5.03539426690844e-18,1.11352326383406e-15,"ENSMUSG00000004821.1"
264.86602708608,-1.1665348553902,0.256501223121039,-4.54787248651728,5.41909513807362e-06,0.00016696929816957,"ENSMUSG00000005667.8"
91.6702954573786,-1.23723808791654,0.29885955879875,-4.13986453332646,3.47510974279548e-05,0.000849093247645273,"ENSMUSG00000005672.12"
1057.88955668651,-1.03383394863134,0.21377408099415,-4.83610521829179,1.32407852845162e-06,4.9426606606944e-05,"ENSMUSG00000006019.15"
119.87854433232,-1.10351049043051,0.319225430699901,-3.45683765861342,0.000546554001671696,0.00859432800108418,"ENSMUSG00000006204.5"
173.610187830653,-1.81433229399425,0.251941693195961,-7.20139755742237,5.95984959330681e-13,7.38429591454397e-11,"ENSMUSG00000006342.14"
1650.9818979836,-1.84483571770674,0.221317382393437,-8.33570186740762,7.70398152941316e-17,1.51223098111065e-14,"ENSMUSG00000006345.10"
1539.8826628396,-1.08602779105549,0.202850584141356,-5.35383122337323,8.61111853504985e-08,4.36047074803828e-06,"ENSMUSG00000006378.13"
149.455804930421,-1.24590830800815,0.241683766130826,-5.1551178962253,2.53471403093184e-07,1.15016763949037e-05,"ENSMUSG00000006494.11"
916.663519918754,-1.71485908990627,0.240044511505555,-7.14392126339698,9.07053707895094e-13,1.07297117641511e-10,"ENSMUSG00000006649.17"
102.397461691777,-1.79310423213629,0.331590549581945,-5.40758545259192,6.3880067462854e-08,3.40753894371955e-06,"ENSMUSG00000007888.15"
428.011011753713,-1.4776468695868,0.252210860374431,-5.85877573786114,4.66291880186773e-09,3.08565119199353e-07,"ENSMUSG00000008999.7"
971.802351997645,-2.66668638407404,0.261673120692583,-10.190906796296,2.17723779618956e-24,7.76251924478197e-22,"ENSMUSG00000009092.4"
114.420620232147,-1.40163207624719,0.306413285352652,-4.57431887992079,4.77771705549541e-06,0.000149850479280978,"ENSMUSG00000010601.13"
465.189804254608,-1.12810551889596,0.229666828824977,-4.91192186815824,9.01879930382505e-07,3.51692910352285e-05,"ENSMUSG00000011306.6"
53030.0602222887,-1.30242421653513,0.194828986306795,-6.68496121251803,2.309858151441e-11,2.16952805944485e-09,"ENSMUSG00000011463.5"
49.8359629550351,-1.15393915581849,0.395534353947324,-2.91741828314657,0.00352942116057675,0.0380141724261873,"ENSMUSG00000014850.15"
66.9071100842406,-1.09098676621272,0.348572168945372,-3.12987341907866,0.00174881642940387,0.0221711342682769,"ENSMUSG00000015659.12"
126.587857788239,-1.13602736148743,0.270073607819011,-4.20636200131312,2.59514426301708e-05,0.000657060438766787,"ENSMUSG00000016427.7"
248.970329891668,-2.00402649408803,0.212610639897498,-9.42580528920938,4.2681766012602e-21,1.06521493177165e-18,"ENSMUSG00000016552.13"
11966.5029428574,-1.34239195003207,0.223238832479777,-6.01325466147866,1.81835041882888e-09,1.29659517620165e-07,"ENSMUSG00000017007.9"
221.567152486994,-1.23327367273535,0.316893745119255,-3.89175770027028,9.95206079191697e-05,0.00205268597443671,"ENSMUSG00000017344.4"
124.377922082014,-1.42568522996636,0.340796313476707,-4.18339393235192,2.87189113070242e-05,0.000716741972191018,"ENSMUSG00000017418.13"
84.4867172201958,-1.03549895567187,0.287955469566958,-3.59603850285984,0.000323099998207837,0.00561089161897704,"ENSMUSG00000017677.11"
1573.10196763034,-1.13337549318746,0.172385777971559,-6.5746461600472,4.87690034120368e-11,4.36920251081171e-09,"ENSMUSG00000017707.9"
169.759582917137,-1.07424048775267,0.316336313973677,-3.39588103009274,0.000684080862130475,0.0103024936736374,"ENSMUSG00000017950.16"
41.7746438237941,-5.10254156279193,0.621032527637629,-8.216222718964,2.10013261865402e-16,3.86203335240903e-14,"ENSMUSG00000017978.18"
54.5060536831483,-1.63932071260207,0.390707344811832,-4.19577654316067,2.71938256527237e-05,0.000682580652518797,"ENSMUSG00000018012.11"
84.0023871096205,-1.60110253388938,0.351452845410546,-4.55566814950401,5.22193226115479e-06,0.00016203757833459,"ENSMUSG00000018411.17"
398.90733888522,-1.11673994963599,0.219524839227817,-5.08707786127593,3.63622577815035e-07,1.58022050607678e-05,"ENSMUSG00000018672.15"
132.90193588858,-1.53937288557264,0.265873191304855,-5.78987628657741,7.04382859874189e-09,4.50753427179563e-07,"ENSMUSG00000018740.14"
14.4067468742975,-3.76037070197046,0.870020812776133,-4.32216177676435,1.54507828246675e-05,0.000419790320290734,"ENSMUSG00000019762.4"
158.616152094713,-1.09541884912718,0.277064756229069,-3.95365640883433,7.69659115012432e-05,0.00164980917046223,"ENSMUSG00000019872.13"
9.45407488584409,-5.31066335049511,1.23240553966886,-4.30918490671672,1.6385732980804e-05,0.000439047170513262,"ENSMUSG00000019894.13"
8.99956591584519,-3.35996043223141,1.05030436478209,-3.19903500822687,0.00137888423770679,0.0182079422772015,"ENSMUSG00000020000.7"
146.430689245022,-3.03190296312295,0.290264426919787,-10.4453135897387,1.5394575863806e-25,5.97651645201534e-23,"ENSMUSG00000020051.15"
228.654387863808,-1.70368465776616,0.278474510483743,-6.11791957119043,9.48048918887189e-10,7.04783600551455e-08,"ENSMUSG00000020072.14"
108.439680302525,-1.63557165941364,0.290249075632729,-5.63506242301777,1.74994938045261e-08,1.02246206275943e-06,"ENSMUSG00000020102.15"
87.4969108123867,-1.06256577468058,0.366712709012516,-2.89754281366975,0.003760984007736,0.0398637170668479,"ENSMUSG00000020134.13"
220.143110652495,-1.00449015260577,0.246008226022151,-4.08315676612914,4.44280302824e-05,0.00104042585661331,"ENSMUSG00000020142.12"
367.214492088494,-1.92484590956289,0.198894122922268,-9.67774151031682,3.7490622053265e-22,1.05638897946861e-19,"ENSMUSG00000020173.17"
555.895601704597,-1.0539003827495,0.221247917468978,-4.7634363966263,1.90323619282055e-06,6.81342956733094e-05,"ENSMUSG00000020255.8"
914.246308716362,-1.50268294469737,0.205642905217452,-7.30724428887247,2.72676563456529e-13,3.63638134624851e-11,"ENSMUSG00000020256.14"
691.301542027254,-1.04422414553112,0.21609626003988,-4.83221757441991,1.35020576652944e-06,5.02588710733259e-05,"ENSMUSG00000020263.14"
16.8050164646974,-2.16021873679149,0.646103166227733,-3.34345790224789,0.000827412468814806,0.0120157072570197,"ENSMUSG00000020333.17"
80.8188359275997,-1.11295252799474,0.292956276446337,-3.79903971164315,0.000145257818512456,0.00283258282691955,"ENSMUSG00000020392.8"
169.580806475106,-1.05252740108278,0.24296446203795,-4.33202202599646,1.47746156893985e-05,0.000403931981367436,"ENSMUSG00000020477.10"
1459.31946785595,-1.14498991965956,0.196537956112082,-5.82579539499533,5.68412211715653e-09,3.67783753284165e-07,"ENSMUSG00000020484.18"
224.223260920202,-1.37161875705444,0.212155929434532,-6.4651445788495,1.01202002192809e-10,8.75247018964545e-09,"ENSMUSG00000020516.15"
67.4402003096554,-1.20603865904152,0.395017037686785,-3.05313073609196,0.00226467251100531,0.0271356850255574,"ENSMUSG00000020589.16"
212.463497865419,-1.17248064569304,0.271773102290027,-4.31418943160097,1.60189549223761e-05,0.000431203609389693,"ENSMUSG00000020709.15"
26.4313805473319,-2.88186487302216,0.527561314133414,-5.4626159951777,4.69168768451064e-08,2.56939761280253e-06,"ENSMUSG00000020838.12"
1319.46549463166,-1.09422800390661,0.195329040077114,-5.60197297582897,2.11925602414682e-08,1.21388205710967e-06,"ENSMUSG00000020902.12"
6613.10810929006,-1.60289995936349,0.186510522794796,-8.59415294828723,8.3881238035377e-18,1.76554846804583e-15,"ENSMUSG00000020964.14"
37.3478693178632,-2.11288370078809,0.444227238530317,-4.75631280012987,1.97160896123502e-06,7.00081474649915e-05,"ENSMUSG00000021209.12"
192.513728448902,-1.41143717410968,0.224320684264148,-6.29205094813124,3.1329861142345e-10,2.51070034016866e-08,"ENSMUSG00000021238.10"
46.3228931573365,-1.70666208409199,0.454666566853657,-3.7536564342135,0.000174273687354817,0.00332375689747669,"ENSMUSG00000021265.3"
14.6191068049515,-1.85452335704106,0.634747356678843,-2.92167165018913,0.00348158369619958,0.0376614657415522,"ENSMUSG00000021594.10"
88.2192323321994,-2.56664671952676,0.360023635872502,-7.1291061580071,1.01022799471726e-12,1.1765788711807e-10,"ENSMUSG00000021684.16"
324.786314857731,-2.69542735419967,0.226098070319563,-11.9214965010095,9.14509416039964e-33,5.50913086145454e-30,"ENSMUSG00000021701.7"
97.8337347702864,-1.20018309102777,0.288215079473853,-4.1641925648677,3.12456328332148e-05,0.00077537103067651,"ENSMUSG00000021779.16"
205.482556228572,-3.15806232679607,0.801938064652025,-3.93803769392891,8.21506914655723e-05,0.00173699647403322,"ENSMUSG00000021922.15"
1601.72308227364,-1.18653303565299,0.174956174307852,-6.78188718030137,1.18616091303033e-11,1.19267993937424e-09,"ENSMUSG00000021978.8"
45.5820505190668,-1.61093171211432,0.378981123849592,-4.2506911577835,2.13111861255758e-05,0.00055401210736175,"ENSMUSG00000022132.15"
1182.18889393819,-1.00110964472326,0.169289028538472,-5.91361208322928,3.34685592873985e-09,2.26626252229013e-07,"ENSMUSG00000022136.7"
245.249454567063,-1.654066063735,0.265704460304872,-6.22521000150734,4.80911414687288e-10,3.75067964936916e-08,"ENSMUSG00000022270.15"
34.0773928256009,-1.45172545220423,0.428684321968565,-3.38646733227318,0.000707987051053944,0.0105888353261587,"ENSMUSG00000022383.13"
162.729706627495,-1.16980831157094,0.291393840796353,-4.01452655407526,5.95652378457668e-05,0.00132899706917694,"ENSMUSG00000022389.14"
107.627356154342,-1.18890370584753,0.25610210289033,-4.64230356732622,3.44546144988488e-06,0.000112719497246234,"ENSMUSG00000022408.6"
834.911872076562,-1.11194599695945,0.197193905572714,-5.63884565159359,1.71193896926198e-08,1.00360985882573e-06,"ENSMUSG00000022462.6"
446.361744504719,-1.17457391432739,0.215085744006879,-5.46095660477539,4.73575807825163e-08,2.5854279258455e-06,"ENSMUSG00000022498.16"
423.623455700535,-1.28670266850539,0.181440190182874,-7.09160780314725,1.32562753762473e-12,1.50381253781195e-10,"ENSMUSG00000022629.16"
31.1793460606979,-2.60908901976695,0.534409210961345,-4.88219320747388,1.0491238636593e-06,4.01934076713333e-05,"ENSMUSG00000022679.13"
99.4875727597218,-1.03895187686942,0.289603498970665,-3.58749766685194,0.000333866719400404,0.00578062595433603,"ENSMUSG00000022756.15"
562.473103586247,-1.10482746103172,0.180755415854661,-6.11227860480857,9.82185163257392e-10,7.27066728902824e-08,"ENSMUSG00000022769.7"
47.2119557466936,-1.34238725384756,0.424147331042587,-3.16490793552295,0.0015513202864483,0.0200901151995936,"ENSMUSG00000022853.6"
38.9086598241578,-1.65903041697857,0.403651377253589,-4.11005761522847,3.95560409212375e-05,0.000945340677009602,"ENSMUSG00000022861.16"
69734.8183911505,-2.35300271682705,0.203154629889003,-11.5823238589869,5.06540019653538e-31,2.76465607187289e-28,"ENSMUSG00000023031.7"
96.6599714948178,-1.41872184995028,0.289526227752699,-4.90014967197407,9.5763673269954e-07,3.70130834519048e-05,"ENSMUSG00000023259.16"
716.970121765212,-1.52509540728921,0.184422324833745,-8.26958129209179,1.3443028820768e-16,2.58076608240458e-14,"ENSMUSG00000023272.3"
81214.2260991836,-1.16486768772542,0.219010926127897,-5.31876517907222,1.04473867496323e-07,5.14012821734952e-06,"ENSMUSG00000023433.8"
17.5067571397067,-1.76893940178209,0.553997742794941,-3.19304442082691,0.00140781288174008,0.0185199480753006,"ENSMUSG00000023467.18"
101.301864882829,-1.82083152528685,0.287688438932835,-6.32917864910086,2.46469618945937e-10,2.04067499667561e-08,"ENSMUSG00000023963.9"
5763.18244992145,-1.51104849044102,0.225430120365291,-6.70295738649518,2.04243041416499e-11,1.9444877235769e-09,"ENSMUSG00000024028.7"
1897.9579446166,-1.47647908421421,0.175449231151247,-8.4154206577366,3.91487500374555e-17,7.86124900177412e-15,"ENSMUSG00000024039.14"
1124.2135680741,-1.008478241343,0.251051382485973,-4.01701927054452,5.89389061180158e-05,0.00131839012788955,"ENSMUSG00000024184.15"
198.806677648968,-1.77937679438973,0.288135187576016,-6.17549286277397,6.59573861939153e-10,5.03177090309039e-08,"ENSMUSG00000024215.13"
43879.6004999304,-1.6162485348568,0.214830626461521,-7.52336182916776,5.33854141862403e-14,7.70779492424478e-12,"ENSMUSG00000024225.4"
35.4979266161247,-1.51138201890886,0.481919596650372,-3.13617049278317,0.00171169663987561,0.0218113350099394,"ENSMUSG00000024481.4"
112.706929356492,-2.60181552500926,0.293316186669334,-8.87034416529622,7.2920181445759e-19,1.65443580500962e-16,"ENSMUSG00000024538.7"
55.0152366387399,-2.86489793422515,0.417364841895436,-6.86425315849415,6.68400063683198e-12,6.86879359561499e-10,"ENSMUSG00000024553.7"
233.345269934329,-1.09891604924043,0.24767491553376,-4.43692913701888,9.12513167669048e-06,0.000264810714936516,"ENSMUSG00000024640.9"
73.9396124606922,-1.00064163708105,0.349331593280298,-2.86444643521878,0.00417738799685158,0.0432083885760788,"ENSMUSG00000024659.14"
69.3389494106482,-1.20433138287781,0.337194716719264,-3.5716199666334,0.000354779970294002,0.00604683520101094,"ENSMUSG00000024697.3"
24.8223611413283,-2.17011424773086,0.534302227974392,-4.0615856234739,4.87405351368016e-05,0.00112483110811086,"ENSMUSG00000024747.3"
2069.16451624931,-1.26344402993877,0.25593013308022,-4.93667554786428,7.94655089113352e-07,3.16232902205245e-05,"ENSMUSG00000024807.17"
311.099039781598,-5.2955528836514,0.668840609476185,-7.91751100131122,2.42312194368613e-15,4.03161336725683e-13,"ENSMUSG00000024907.6"
148.518042768748,-1.06277784720451,0.284390388195573,-3.73703856149193,0.00018620037641666,0.00351667089297195,"ENSMUSG00000024972.16"
38.5403878734464,-1.70657238596015,0.463904561581699,-3.67871438931648,0.000234412596837764,0.00427297835521603,"ENSMUSG00000024987.5"
87.4293410936104,-1.14555667491271,0.294286934966947,-3.89265216629945,9.91542679786903e-05,0.0020475473541226,"ENSMUSG00000025035.8"
680.89230727787,-1.22704452798653,0.209189393922549,-5.86571099508435,4.47212164633725e-09,2.97064506317535e-07,"ENSMUSG00000025192.13"
406.097174772286,-1.03370702213309,0.222099692303132,-4.65424788037181,3.25165434450467e-06,0.000106778949997174,"ENSMUSG00000025196.4"
7.3218134208434,-3.31886907717317,0.968906331851743,-3.42537660047102,0.000613947757182188,0.00944160855455354,"ENSMUSG00000025551.13"
2228.6750615547,-1.3474079710556,0.226717471739404,-5.94311484120795,2.79656364386003e-09,1.92346326213522e-07,"ENSMUSG00000025650.12"
423.077201388825,-1.5013983120276,0.210093651678107,-7.14632879211388,8.91294311041298e-13,1.06650079547202e-10,"ENSMUSG00000025813.14"
44.8945759493735,-1.4554940888113,0.447264337108056,-3.25421449477127,0.00113706390670464,0.0156167503538758,"ENSMUSG00000025815.13"
548.592664925661,-1.29325544267566,0.272383615062285,-4.74791937238931,2.05519929570547e-06,7.25340034262113e-05,"ENSMUSG00000025876.15"
904.602680586922,-1.20736233740354,0.180134518740723,-6.70255954185751,2.04800080788866e-11,1.9444877235769e-09,"ENSMUSG00000025935.10"
145.383074051493,-1.13287787145706,0.254893292444934,-4.44451817696146,8.80890606415704e-06,0.000257343794215424,"ENSMUSG00000026082.11"
58.6126218543835,-1.03321396713932,0.339243500420459,-3.04564115704135,0.00232184761685683,0.0276884058824903,"ENSMUSG00000026380.10"
418.976350928004,-1.33040053159367,0.271705386424313,-4.89648199140239,9.75675849669542e-07,3.76270576020462e-05,"ENSMUSG00000026442.14"
88342.5371652435,-1.97193607502759,0.208005028179876,-9.48023272457781,2.53716580538424e-21,6.71580100303979e-19,"ENSMUSG00000026818.5"
78.8588967299871,-1.13309500733022,0.308134155919821,-3.67727817757751,0.000235735919289074,0.00428617587665639,"ENSMUSG00000026826.13"
56.5347088137177,-1.48445650790534,0.370980072880937,-4.00144540480954,6.29567223339348e-05,0.00139046010009335,"ENSMUSG00000026834.13"
2374.71711592814,-1.26372198954947,0.203515584436344,-6.20946053369559,5.31667995733643e-10,4.128106615763e-08,"ENSMUSG00000027007.16"
1668.6592076504,-2.70511795821359,0.273295201150398,-9.89815388937225,4.24029854323131e-23,1.32282170625448e-20,"ENSMUSG00000027199.14"
218.989128012296,-2.54080929815725,0.24697897979473,-10.2875528122635,8.01884582966983e-25,2.91852576342358e-22,"ENSMUSG00000027227.7"
58.799968508802,-1.06065827089521,0.315975847219686,-3.35677008299238,0.000788586590465771,0.0115478690154543,"ENSMUSG00000027329.9"
735.216730928041,-1.8380115124935,0.228038722329994,-8.06008511937601,7.62413417198349e-16,1.33193623984551e-13,"ENSMUSG00000027332.11"
417.338090286371,-1.17876218699406,0.213577337435811,-5.51913513458949,3.40672148112964e-08,1.90754564985048e-06,"ENSMUSG00000027333.18"
543.874655704727,-1.42504755307488,0.234215137820258,-6.08435290023178,1.16962729215698e-09,8.54953506024371e-08,"ENSMUSG00000027376.15"
519.282778155775,-1.346670885095,0.217443686450911,-6.19319377386945,5.89571733083669e-10,4.53736483567035e-08,"ENSMUSG00000027597.15"
158.386264671774,-1.12626365987909,0.245669854816165,-4.58446015170186,4.55160876939934e-06,0.000144575645820739,"ENSMUSG00000027742.13"
27.7759431637999,-3.30406520502128,0.523570853971411,-6.31063623950636,2.77890659386353e-10,2.24756936087018e-08,"ENSMUSG00000027887.11"
220.550503686972,-2.50232866522351,0.253864540841253,-9.85694440401691,6.39664089754147e-23,1.9267123531043e-20,"ENSMUSG00000028017.7"
20.0344694237632,-1.71646872224076,0.534560784398401,-3.21098885727746,0.0013227906385448,0.0176271185777099,"ENSMUSG00000028167.15"
225.143403921942,-1.42627953621457,0.282793574745202,-5.04353586356991,4.57007063270485e-07,1.93784305712024e-05,"ENSMUSG00000028176.11"
135.432032414623,-1.13045186882576,0.286787964501413,-3.94176886324738,8.0882901623022e-05,0.0017148353050415,"ENSMUSG00000028399.17"
36.2680246314207,-1.57012302860596,0.474947761538382,-3.30588573261245,0.000946766891833056,0.0134471687807508,"ENSMUSG00000028528.16"
292.196496577653,-2.07191126518527,0.224818439581392,-9.21593117114029,3.085881115633e-20,7.28518149866331e-18,"ENSMUSG00000028532.14"
799.824335458743,-1.34492317853665,0.183639680796103,-7.32370679749729,2.41213411226546e-13,3.24153714932905e-11,"ENSMUSG00000028542.17"
82.0497731839462,-1.50578021153629,0.29307752752988,-5.13782214633557,2.77940740696673e-07,1.24184775958335e-05,"ENSMUSG00000028737.15"
2166.88856486149,-3.51259590698411,0.260776441220926,-13.4697593484232,2.35632736991304e-41,2.16658100802004e-38,"ENSMUSG00000028914.13"
236.743362601876,-1.0222737527485,0.264027958226373,-3.87183902650198,0.000108017282706234,0.00219937287748008,"ENSMUSG00000028919.11"
260.703895607349,-3.60645494812496,0.268110116091137,-13.4513945266393,3.02120266412654e-41,2.63902052711453e-38,"ENSMUSG00000028927.6"
369.259873316053,-1.05525380785901,0.190181211573377,-5.54867538769393,2.87842039864104e-08,1.61691332360961e-06,"ENSMUSG00000029090.12"
65.9171886143354,-1.1389102135437,0.36427096996798,-3.12654673976302,0.00176872386740922,0.0223530312702987,"ENSMUSG00000029095.17"
33.6582657589818,-1.69185613018383,0.448796260469681,-3.7697643211493,0.000163401774827599,0.00314610490500791,"ENSMUSG00000029126.7"
85.092749550249,-1.11449542058905,0.338893663604071,-3.288628677021,0.00100676751570607,0.014172625704581,"ENSMUSG00000029195.10"
147.63636180617,-1.01227816588491,0.283550599868968,-3.57000890265336,0.000356969095799895,0.00606639115138537,"ENSMUSG00000029196.9"
93.0227412828413,-1.58100830931758,0.316416028341248,-4.99661258503785,5.83461177126857e-07,2.4211560010466e-05,"ENSMUSG00000029211.11"
168.923636982828,-1.19001763730059,0.224691495876589,-5.2962290925074,1.18218508733016e-07,5.68468210660512e-06,"ENSMUSG00000029275.17"
128.056435476606,-2.41150586668519,0.324508993621947,-7.43124509360931,1.07580159355853e-13,1.47986250704468e-11,"ENSMUSG00000029335.5"
5513.44915881725,-2.38096680912988,0.201664979269671,-11.8065457758334,3.61093371132351e-32,2.10276706456073e-29,"ENSMUSG00000029522.12"
354.969220687992,-1.39548027463103,0.21378487852865,-6.52749756781332,6.68775933593895e-11,5.90076543428553e-09,"ENSMUSG00000029570.5"
64.8907114056165,-1.10918452358159,0.351137602709071,-3.15883150942563,0.00158403040309624,0.0204334277369065,"ENSMUSG00000029650.10"
61.1738492130804,-2.08227761992492,0.380055882677545,-5.47887222598687,4.2804531835976e-08,2.36644041510918e-06,"ENSMUSG00000029695.13"
889.564986069808,-1.05853856717751,0.209238356749633,-5.05900822211159,4.21442696208772e-07,1.80455978009001e-05,"ENSMUSG00000029752.12"
147.963768387883,-1.11855444740882,0.265647457232511,-4.210672517109,2.54611605232412e-05,0.00064840593927263,"ENSMUSG00000029772.17"
70438.7608400805,-1.39389049321536,0.19001465669143,-7.33569987434672,2.20565796952943e-13,2.98704222695187e-11,"ENSMUSG00000029882.5"
21.5453392775156,-2.24245337558492,0.541360791803946,-4.14225302152473,3.43910629649053e-05,0.000841473207278566,"ENSMUSG00000030004.6"
871.208542754042,-1.55534072563451,0.177283844805094,-8.77316671095693,1.73710562534125e-18,3.89067118906559e-16,"ENSMUSG00000030087.11"
258.285656707703,-1.52486315391653,0.324754796996957,-4.69542919155345,2.66047518349829e-06,9.00746152242541e-05,"ENSMUSG00000030088.15"
3038.38878002102,-1.82924128907191,0.185208149927163,-9.87667815801459,5.25459470579867e-23,1.61048718439128e-20,"ENSMUSG00000030104.9"
1021.37759050137,-1.56649820144241,0.235007279464881,-6.66574331233219,2.63329152413165e-11,2.44700015566914e-09,"ENSMUSG00000030219.13"
99.3225034188073,-1.37678318131619,0.281733597385083,-4.88682639945974,1.02474375246562e-06,3.93456557265373e-05,"ENSMUSG00000030257.16"
82.0030716655138,-1.11812130295342,0.297541829571432,-3.75786256528677,0.000171370956066306,0.00327913538058967,"ENSMUSG00000030327.8"
7.57393198517339,-2.81873881567237,0.956712367939988,-2.94627613285876,0.00321625137724177,0.0355583055102686,"ENSMUSG00000030399.2"
279.090898892976,-3.60829536195334,0.218567683562774,-16.5088237343057,3.17001924583337e-61,5.034566929519e-58,"ENSMUSG00000030428.16"
148.336454991328,-1.02373984830397,0.275631875331622,-3.71415623491395,0.000203882811247273,0.00380537682958318,"ENSMUSG00000030522.14"
80.8829280836506,-1.91324816549621,0.40630117039347,-4.70894081757969,2.49007352003388e-06,8.52972243039057e-05,"ENSMUSG00000030731.13"
13.9318438605256,-3.95390255603441,0.829521625803753,-4.76648520429269,1.87467489775732e-06,6.7249631342547e-05,"ENSMUSG00000030732.13"
481.912103881531,-1.59635576641872,0.242149323226799,-6.59244364240309,4.32645442131419e-11,3.89603911032778e-09,"ENSMUSG00000030763.7"
33.8981552430865,-1.30387810197013,0.422061180556714,-3.08931065456024,0.00200621541399886,0.0245782491462553,"ENSMUSG00000030771.16"
23.2633241023053,-2.75180605382883,0.691571755618672,-3.97906078649365,6.91880511260732e-05,0.00150337718056281,"ENSMUSG00000030792.8"
1309.3713939723,-1.69695089962492,0.242586533281708,-6.99523949935963,2.64806176769128e-12,2.85565673343004e-10,"ENSMUSG00000030796.17"
932.3477027578,-1.01907997474328,0.1956698366538,-5.20816080889537,1.90721604863702e-07,8.81456729356845e-06,"ENSMUSG00000030802.14"
702.748281845437,-1.42493811399186,0.35487179600013,-4.01536027955104,5.93550538690937e-05,0.00132600101162796,"ENSMUSG00000030827.5"
257.824183631284,-1.50592216625622,0.243771215719193,-6.17760452895692,6.5081486156014e-10,4.98672615414722e-08,"ENSMUSG00000030861.15"
11.3154819043045,-2.87272931245068,0.915762474545784,-3.13698081358438,0.00170697297150351,0.0217829202426342,"ENSMUSG00000030898.15"
5.80666737807483,-6.59981608953742,1.48972114337864,-4.43023589943097,9.41300621628357e-06,0.000272260295692838,"ENSMUSG00000031027.15"
77.3238894810651,-1.29921427222501,0.32509441692071,-3.99642136131143,6.43072301463166e-05,0.0014131412712656,"ENSMUSG00000031169.13"
302.386107900543,-3.27581010463362,0.262392691281913,-12.4843801427156,9.08480937614888e-36,6.34846479205284e-33,"ENSMUSG00000031170.14"
135.336835150023,-1.10846682275867,0.241890907282186,-4.58250719389608,4.59433897846835e-06,0.000145141233189588,"ENSMUSG00000031618.13"
2671.07656861219,-1.25535279678714,0.19975668511808,-6.28440943563456,3.29102315329684e-10,2.62530477114593e-08,"ENSMUSG00000031770.15"
1868.30347511444,-1.01321779823581,0.172245686885836,-5.88239866294806,4.0436291876794e-09,2.70659777428196e-07,"ENSMUSG00000031833.9"
42755.8812607583,-4.53931982411232,0.32008125838065,-14.1817732380758,1.18806083679586e-45,1.48253020134455e-42,"ENSMUSG00000031896.6"
635.32524285849,-1.35323352217003,0.199542654802747,-6.78167544431906,1.18790102719587e-11,1.19267993937424e-09,"ENSMUSG00000031897.8"
490.634312131422,-1.26187157299859,0.237164427670482,-5.32066121969962,1.03390778799136e-07,5.11681842952099e-06,"ENSMUSG00000031919.5"
113.342383307239,-1.12820772088503,0.267750490887808,-4.21365323045392,2.51272977617017e-05,0.000640837798389677,"ENSMUSG00000032010.14"
321.346002177886,-1.05773416363013,0.184028853185103,-5.74765394297284,9.04902012808996e-09,5.64594220134756e-07,"ENSMUSG00000032060.9"
4875.79640933318,-1.17759421808783,0.277980926976409,-4.23624106479711,2.27292754448379e-05,0.000587397103581831,"ENSMUSG00000032175.10"
4.99161711176433,-3.77917668552687,1.27517136251748,-2.96366182351046,0.00304002172967498,0.0340225365902767,"ENSMUSG00000032417.10"
366.383030511369,-1.11981049513738,0.220965020180974,-5.06781794792784,4.02401989200289e-07,1.73151791904656e-05,"ENSMUSG00000032575.16"
66.1189782187872,-1.21051948146082,0.306959050351021,-3.94358622127784,8.02721124052167e-05,0.00170602652520576,"ENSMUSG00000032776.9"
389.542981106049,-1.82956898693897,0.228699015403121,-7.99989883521817,1.24521475242026e-15,2.153851655919e-13,"ENSMUSG00000033416.14"
291.639468158135,-1.04817844513226,0.216927288809165,-4.8319344739258,1.35212761330642e-06,5.02588710733259e-05,"ENSMUSG00000033530.7"
73.5755381074218,-1.08358669271778,0.307248479652445,-3.52674387174679,0.000420703525892005,0.00696653137187993,"ENSMUSG00000033594.10"
899.062398862525,-1.10279685016283,0.19711333549126,-5.59473486364765,2.20959172515947e-08,1.2614891319783e-06,"ENSMUSG00000033684.14"
63.8119537913047,-1.02471996495459,0.331087805274198,-3.09500968815793,0.00196806468501287,0.0242298027111874,"ENSMUSG00000033720.12"
82.1703742226928,-3.4758121116871,0.345364680729808,-10.064179418527,7.95479097425571e-24,2.67250381385091e-21,"ENSMUSG00000034112.8"
648.164857945448,-2.75623872609204,0.238023143027449,-11.5797089771821,5.22230397091044e-31,2.76465607187289e-28,"ENSMUSG00000034139.4"
52.2108509494258,-4.29776554102393,0.466896835398439,-9.20495753062091,3.41806364690657e-20,7.96180958819438e-18,"ENSMUSG00000034416.18"
352.51842919251,-1.89121364152949,0.240405183495403,-7.86677564115691,3.63898409011681e-15,5.88639370873525e-13,"ENSMUSG00000034427.16"
48.3296385338268,-1.97549550655462,0.441896494105838,-4.47049373078184,7.80392315724466e-06,0.000231075487384855,"ENSMUSG00000034645.13"
165.050544029722,-1.72513761532612,0.306273017173055,-5.6326790758435,1.77431450362902e-08,1.03324247927996e-06,"ENSMUSG00000034648.9"
19.7907023376055,-1.63991675171092,0.549010589572688,-2.98704029185906,0.00281692594000071,0.0319141998520184,"ENSMUSG00000034739.17"
62.9656101588406,-1.36765029970463,0.457832377017057,-2.9872293187637,0.00281518467677057,0.0319141998520184,"ENSMUSG00000034768.4"
37.4160559987899,-4.27450232218939,0.59031655659032,-7.24103411037462,4.45276385797715e-13,5.67808646707014e-11,"ENSMUSG00000034918.8"
398.303081519103,-1.28334199618951,0.260721272317958,-4.92227574980701,8.5543562447017e-07,3.35830569876267e-05,"ENSMUSG00000034981.9"
48163.8946772643,-1.24443250125621,0.249576550846567,-4.98617557232474,6.15861834824292e-07,2.51969701507737e-05,"ENSMUSG00000035202.7"
101.004890336954,-3.33940332626332,0.321763734741418,-10.3784328863133,3.10835510955301e-25,1.1804992122585e-22,"ENSMUSG00000035237.7"
21.9350250264681,-4.09454818286239,0.705969350376946,-5.7998951097185,6.63564125093112e-09,4.26193575932966e-07,"ENSMUSG00000035615.12"
1015.43350549125,-1.47022218956439,0.203936762729975,-7.20920627494248,5.62789536165572e-13,7.02280942629467e-11,"ENSMUSG00000035735.10"
571.742745110467,-1.26510757523413,0.241310631499915,-5.24265162861081,1.58285220484041e-07,7.45348464112181e-06,"ENSMUSG00000035828.10"
41518.8018942742,-2.09006314681284,0.210585047907471,-9.92503108640077,3.24001755596845e-23,1.04820567968091e-20,"ENSMUSG00000035896.4"
182.55001028908,-1.23417391132096,0.229851325454478,-5.3694443957661,7.89795828834804e-08,4.07519668094924e-06,"ENSMUSG00000035967.15"
97.4019679227168,-1.08003246766218,0.279268645013604,-3.86736028890593,0.000110019822096293,0.00223753933879189,"ENSMUSG00000036019.8"
620.393624050172,-1.09186138844819,0.232911363900767,-4.68788370890043,2.76044796724608e-06,9.291912521732e-05,"ENSMUSG00000036026.15"
103.108958887413,-3.6182311910124,0.486660476733121,-7.43481618910384,1.04713467384418e-13,1.45186053587761e-11,"ENSMUSG00000036169.5"
64.0571747288396,-1.70004782184158,0.322654700248047,-5.26893865341071,1.37214808460116e-07,6.53172398855101e-06,"ENSMUSG00000036381.13"
17.6079460204714,-6.31527343051917,1.12132838877416,-5.6319571445284,1.78175964113298e-08,1.03413092792668e-06,"ENSMUSG00000036805.13"
5.43472847125865,-6.47471646256827,1.50250541299554,-4.30927995770719,1.63786927894907e-05,0.000439047170513262,"ENSMUSG00000036813.11"
98.6344770794773,-1.19796299352577,0.275134506498133,-4.35409941404025,1.33615065211671e-05,0.00037169668618597,"ENSMUSG00000036825.12"
168.62709729575,-2.18140158300546,0.288399581541405,-7.56381674115667,3.9141107869499e-14,5.74617776874074e-12,"ENSMUSG00000036885.14"
730.231084199082,-1.73830159769047,0.214959199600349,-8.08665830968071,6.1323993066106e-16,1.09319403965803e-13,"ENSMUSG00000037157.8"
23.582986740012,-2.4774421385417,0.526212447768306,-4.70806448811437,2.50079992129501e-06,8.54970149217689e-05,"ENSMUSG00000037169.14"
421.992730788616,-3.26050830068354,0.295105645522167,-11.0486137766505,2.2262588931786e-28,1.08035396843973e-25,"ENSMUSG00000037280.12"
49.5326838726361,-2.11823181631631,0.397849002221881,-5.32421045292698,1.01392465406061e-07,5.03217718932921e-06,"ENSMUSG00000037493.6"
652.168303992585,-1.3343525703616,0.213896919418711,-6.23829727883814,4.42359401451229e-10,3.51273579243317e-08,"ENSMUSG00000037573.5"
91.4157319681145,-1.17682133679302,0.389999833077391,-3.0174918986683,0.00254875853642075,0.0295859213496814,"ENSMUSG00000037583.2"
163.117418304359,-1.48328097745324,0.291051212971431,-5.09628859577658,3.46376963660441e-07,1.50902881674511e-05,"ENSMUSG00000037703.14"
45.7736308265301,-1.74885595713946,0.399280425286956,-4.38001927062313,1.18668814020776e-05,0.0003349182844819,"ENSMUSG00000038059.6"
123.018035802368,-1.2003132380603,0.319348137312556,-3.75863547588353,0.000170842526361769,0.00327580929725906,"ENSMUSG00000038072.14"
203.032059397827,-1.10582880896546,0.308292275717877,-3.58694945045405,0.000334569150797286,0.0057870525390382,"ENSMUSG00000038080.16"
169.544951229742,-1.08280639104818,0.253872958661298,-4.26515055702641,1.99767446928811e-05,0.00052244570327041,"ENSMUSG00000038264.7"
118.612428971185,-1.2499293428986,0.300997876356397,-4.15261847701084,3.28692482767225e-05,0.000808768686470904,"ENSMUSG00000038527.9"
1315.35939290433,-3.9967960359915,0.21914534216258,-18.2381062565608,2.57216606582058e-74,6.41939159569793e-71,"ENSMUSG00000038738.15"
83.5557122204844,-1.73185118109938,0.326301842278574,-5.30751272811032,1.11131247762469e-07,5.36315717792911e-06,"ENSMUSG00000038963.15"
383.402814100445,-1.1779015701268,0.251619305871461,-4.6812845542485,2.85082900860009e-06,9.55930571597764e-05,"ENSMUSG00000039137.18"
280.853208408576,-1.16596441611276,0.242346418628142,-4.81114770629984,1.50066060038966e-06,5.54126545858784e-05,"ENSMUSG00000039197.9"
141.498431714434,-1.08876913985048,0.254517954311952,-4.27776949093353,1.88775351183811e-05,0.000496672497768249,"ENSMUSG00000039242.9"
78.4801746312876,-1.42404806760058,0.331454802007318,-4.29635672488807,1.73628099196375e-05,0.000460985242091288,"ENSMUSG00000039578.16"
243.916075305037,-1.76109858823165,0.297552469892518,-5.91861525756379,3.24663449819848e-09,2.21557440170029e-07,"ENSMUSG00000039661.14"
2400.66600365602,-2.27890054517939,0.236723770339435,-9.62683444046073,6.159785477481e-22,1.68142894205614e-19,"ENSMUSG00000039878.12"
183.707909691978,-1.33348744458009,0.283504409307879,-4.70358626109392,2.55631018079516e-06,8.72240993329913e-05,"ENSMUSG00000039943.16"
265.098488302324,-1.33499114661035,0.240108956441725,-5.55993898101154,2.69868985943326e-08,1.52576413735596e-06,"ENSMUSG00000040018.9"
57.6587853067298,-3.03802878571733,0.394096169291771,-7.70885134757072,1.26955184224808e-14,1.99811447604269e-12,"ENSMUSG00000040127.13"
62.4065608016795,-2.57896983435792,0.38352935166072,-6.72430890410531,1.76427792007106e-11,1.71347348644275e-09,"ENSMUSG00000040187.15"
2961.47545918505,-1.22662881695416,0.196787118798954,-6.23327799319702,4.56774528616777e-10,3.57840852687672e-08,"ENSMUSG00000040205.8"
474.076286367102,-1.0928498422924,0.292153787202498,-3.74066635506225,0.000183533022808619,0.00347380488457916,"ENSMUSG00000040434.16"
1312.90995320559,-1.01105445833679,0.212809990300953,-4.75097271940555,2.02440445768519e-06,7.17370098899804e-05,"ENSMUSG00000040462.12"
64.380027792325,-1.33571938599662,0.310061892419572,-4.30791212545764,1.64802830670108e-05,0.000440904357091392,"ENSMUSG00000040855.15"
154.811911406639,-1.0560103049179,0.245573626929204,-4.30017798785184,1.70660985963051e-05,0.000454488936703431,"ENSMUSG00000040896.16"
174.584416513563,-1.03842483099366,0.25583171774011,-4.05901520017375,4.9280106118246e-05,0.00112982080562435,"ENSMUSG00000041161.8"
5432.35547428571,-1.36599995457379,0.171896729830632,-7.94663142178269,1.9165154477269e-15,3.25063348269796e-13,"ENSMUSG00000041351.16"
81.1713941414731,-1.25966098753366,0.314582068049871,-4.00423646313486,6.22181070745487e-05,0.00137855016888327,"ENSMUSG00000042198.12"
31.7859889913412,-2.00790061302964,0.524519275052745,-3.82807783913705,0.000129147916297849,0.00256096946393124,"ENSMUSG00000042246.5"
35.5607336004124,-2.56100671145568,0.578412137192681,-4.42765036689152,9.52651579760032e-06,0.000274181599644279,"ENSMUSG00000042388.14"
615.540927871688,-1.03019535393174,0.189001826746922,-5.45071638546223,5.01673208996304e-08,2.72181085750479e-06,"ENSMUSG00000043019.12"
406.273528571632,-1.74544440988368,0.229636291685514,-7.60090836283863,2.94059290059587e-14,4.39078273277007e-12,"ENSMUSG00000044005.13"
33.0917690959743,-1.45239208873672,0.49845769293945,-2.91377203985323,0.00357090557959588,0.038295715454598,"ENSMUSG00000044352.6"
334.412532010369,-1.03587286619589,0.246776313723153,-4.19761868782102,2.69736299771574e-05,0.000678027792375454,"ENSMUSG00000044433.16"
118.157398486246,-2.07023456737992,0.26224184063392,-7.89437170809784,2.91781356088973e-15,4.76394419707884e-13,"ENSMUSG00000044734.15"
1498.4535366921,-1.86207578901503,0.225874334437516,-8.24385733621336,1.66745955240147e-16,3.13231380434985e-14,"ENSMUSG00000045091.4"
30.4515030830366,-1.53115512851826,0.440683652026148,-3.47449949976226,0.000511807318175269,0.00814323665621307,"ENSMUSG00000045094.7"
187.02929000844,-1.13958288392683,0.239576918411809,-4.75664722412032,1.96834701965549e-06,7.00081474649915e-05,"ENSMUSG00000045896.14"
87731.6237851125,-2.17340969533816,0.199715640985466,-10.8825211916994,1.39646194001002e-27,6.25543335691668e-25,"ENSMUSG00000046008.7"
414.619606468454,-1.07195198260182,0.201851806575574,-5.31058899490445,1.09271508712911e-07,5.29258933778723e-06,"ENSMUSG00000046062.5"
71.745267742543,-1.42472889862752,0.332737912729895,-4.28183517453289,1.8535826280115e-05,0.000489155415579469,"ENSMUSG00000046318.15"
28.0557826829235,-2.05574027388276,0.50122816330874,-4.10140615465873,4.10647047560328e-05,0.000976054955221623,"ENSMUSG00000046449.15"
41.0250831353291,-3.55066306987836,0.592934339079373,-5.98829050007685,2.12058057916025e-09,1.48781296055942e-07,"ENSMUSG00000046480.5"
104.264764377415,-1.56792815027476,0.322877318844663,-4.85611115666226,1.19713516831256e-06,4.50731711000442e-05,"ENSMUSG00000046807.9"
57065.3684838456,-1.69365863458924,0.30279280521438,-5.59345732600917,2.22591954509686e-08,1.2666714805486e-06,"ENSMUSG00000047517.10"
33.074112115628,-2.25423639400161,0.435536242218351,-5.17577224462407,2.26970199885009e-07,1.04346562947134e-05,"ENSMUSG00000047642.14"
53.6160192227767,-1.07205785000248,0.348552281968127,-3.07574474609382,0.00209977518763447,0.0255453151309013,"ENSMUSG00000047656.8"
142.34549455478,-1.05096962169661,0.250180505742283,-4.20084537993234,2.65920161848299e-05,0.000671333125359794,"ENSMUSG00000047694.12"
165.908083023145,-1.11289237509827,0.290219914050583,-3.8346520042877,0.000125742192196465,0.00249910818847808,"ENSMUSG00000047797.14"
89.6787630729213,-1.47626942189146,0.288915506000334,-5.1096925960414,3.22683402460986e-07,1.4154194818205e-05,"ENSMUSG00000047821.16"
659.659407042314,-1.04091921300459,0.1938043070163,-5.37098080548355,7.83095452522716e-08,4.05954823607473e-06,"ENSMUSG00000047921.15"
284.118553663642,-1.01954201381091,0.241662786313558,-4.21886228063286,2.45538189592192e-05,0.000628045706028639,"ENSMUSG00000048027.7"
90.3765251375144,-1.06388719883937,0.31679424567054,-3.35829079403731,0.000784260615192689,0.0114941551572284,"ENSMUSG00000048234.13"
36.4376226545955,-2.19937809503302,0.450837572573173,-4.87842679677291,1.06935337130316e-06,4.0878782049598e-05,"ENSMUSG00000048424.15"
21689.4261671886,-2.1084170681033,0.217233915502068,-9.70574536315086,2.84985638024837e-22,8.16180179720313e-20,"ENSMUSG00000049350.6"
151.769748622078,-1.29095134844135,0.273562337442723,-4.71903903333054,2.36961353616642e-06,8.16511804276673e-05,"ENSMUSG00000049690.15"
13.5475823466717,-7.78594970931608,1.36490691944355,-5.70438144785015,1.16766328272482e-08,7.1325445976233e-07,"ENSMUSG00000050447.15"
6.86344626340263,-3.85347421239665,1.17711626830783,-3.2736564060373,0.00106165617961507,0.0147433493305845,"ENSMUSG00000050766.1"
135.472270601322,-1.07366258095829,0.297819143793444,-3.60508249161761,0.000312053791724484,0.00546798369250425,"ENSMUSG00000051177.16"
57.3061642229778,-1.15172572509355,0.34076210496131,-3.37985271344744,0.000725246836802992,0.0108014170835024,"ENSMUSG00000051346.8"
327.174473864534,-1.89339004200133,0.238022807222884,-7.95465806026046,1.79626916875747e-15,3.07655121354833e-13,"ENSMUSG00000051747.14"
1625.61126403367,-1.84564245642748,0.182293111013019,-10.1245869696945,4.29789429550494e-24,1.47223947730336e-21,"ENSMUSG00000052271.7"
186.943332000019,-1.50831294388783,0.287202343958647,-5.25174315466245,1.50666464298036e-07,7.1331792175791e-06,"ENSMUSG00000052302.5"
53.831822454115,-1.03537992181944,0.337917431381537,-3.06400269908068,0.00218396939693694,0.0263312252342915,"ENSMUSG00000052595.6"
666.388380017767,-1.01362491695399,0.180607952324384,-5.61229394336661,1.99661897355064e-08,1.14739912723453e-06,"ENSMUSG00000052934.13"
388.732737206896,-1.01155807912962,0.228508882700284,-4.42677793167626,9.56511147763074e-06,0.000274839634069423,"ENSMUSG00000053644.13"
1650.97273270494,-1.16860947334031,0.205696480326862,-5.68123222858906,1.33727753894128e-08,8.0007666456521e-07,"ENSMUSG00000054263.11"
118.835748821018,-1.13200704237137,0.303112819028824,-3.73460629609243,0.000188009071427097,0.00354316987899825,"ENSMUSG00000054434.14"
95140.3725443629,-1.53862514443841,0.195857271199231,-7.85584898133948,3.97073270999837e-15,6.36410095813501e-13,"ENSMUSG00000054446.8"
45.7965556989803,-1.83539624716758,0.406697779268636,-4.51292419267244,6.39398807791399e-06,0.00019259133055372,"ENSMUSG00000055333.14"
38.7371531251721,-3.32650333941347,0.479063223512719,-6.94376686864412,3.81780354277434e-12,4.06689194465047e-10,"ENSMUSG00000055385.11"
15.4963839915838,-2.77449995284021,0.667826391151607,-4.15452277657945,3.25967148030972e-05,0.000803779346745265,"ENSMUSG00000055833.14"
117.796428217118,-1.22913854987684,0.334259252640383,-3.67720127466215,0.000235806974821244,0.00428617587665639,"ENSMUSG00000055862.6"
77.2736548050239,-3.75842627802617,0.383567039655625,-9.79861638111704,1.14138330340509e-22,3.32332771841449e-20,"ENSMUSG00000056978.7"
1445.74946602553,-1.39075280177001,0.194430323772419,-7.15296243294792,8.49248521117997e-13,1.02319804578837e-10,"ENSMUSG00000057069.6"
88.9178095658403,-1.54587601034575,0.39257187995689,-3.93781645928258,8.22264501445607e-05,0.00173699647403322,"ENSMUSG00000057103.10"
59445.0809827949,-1.41255321537203,0.204030172533853,-6.923256486183,4.41377564158113e-12,4.58980121776323e-10,"ENSMUSG00000057163.3"
54.8983912611362,-1.09841890939013,0.34214392431353,-3.21040016009044,0.00132550305821964,0.0176363582841562,"ENSMUSG00000057181.15"
1797.92326919479,-2.69164127179345,0.221398096576188,-12.1574725050412,5.23535174545544e-34,3.51775365358102e-31,"ENSMUSG00000057897.14"
39.2065824057232,-1.26018578685595,0.390275601384368,-3.22896379477959,0.00124239622447837,0.0167733091511879,"ENSMUSG00000057914.15"
57608.1320970232,-2.60397956102548,0.194192640904638,-13.4092597376242,5.33688641645535e-41,4.43978122359405e-38,"ENSMUSG00000058579.5"
25.8887964747498,-2.59186295269729,0.505594701290109,-5.12636494426014,2.95389773911155e-07,1.3031463005626e-05,"ENSMUSG00000058921.3"
62.8989633435569,-1.32967510115446,0.338690881396708,-3.92592530295202,8.63969661091016e-05,0.00181849999750121,"ENSMUSG00000059920.9"
93.584106923885,-1.03954913700885,0.277315594454622,-3.74861406208786,0.000177814465719188,0.00337846308679687,"ENSMUSG00000060002.14"
2104.20285923472,-1.09643360004459,0.156534949622623,-7.00440127069319,2.48044261630202e-12,2.70833328167477e-10,"ENSMUSG00000060126.14"
68.7456732107883,-1.02584192790584,0.309746831303008,-3.31187222671638,0.000926738623737279,0.0131971593416324,"ENSMUSG00000061013.5"
340.565106406286,-1.22145410667157,0.208629795151005,-5.85464844936212,4.7802007090954e-09,3.13947768375551e-07,"ENSMUSG00000061175.11"
53.6577830126619,-1.08417097344273,0.339027520833349,-3.19788485246795,0.00138439547332319,0.0182531237124197,"ENSMUSG00000061273.3"
208.708011343405,-2.02641157742059,0.27893470051329,-7.26482425346015,3.73523586586401e-13,4.79813018945914e-11,"ENSMUSG00000062012.13"
233.574250220889,-1.01772552554981,0.214491191398795,-4.74483599495509,2.08675337071544e-06,7.34991560209651e-05,"ENSMUSG00000062098.11"
4520.71450242632,-2.47764315513677,0.186802553033313,-13.2634330468435,3.77223467713752e-40,2.86525825259098e-37,"ENSMUSG00000062478.16"
250.597588304309,-1.01207685246375,0.243814217216448,-4.15101655686168,3.31001817321905e-05,0.000813305449875342,"ENSMUSG00000062785.14"
34.2282547945608,-2.24290270671063,0.444695654096801,-5.04368029245997,4.56662073322469e-07,1.93784305712024e-05,"ENSMUSG00000063681.14"
25372.580678273,-1.29859954338233,0.18051998978551,-7.19366062963609,6.30768650430401e-13,7.70877002536688e-11,"ENSMUSG00000064337.1"
2543.09563021144,-1.18108542274436,0.247067099320923,-4.78042372291025,1.74926119066107e-06,6.32703788837453e-05,"ENSMUSG00000064341.1"
1883.1430283716,-1.54125267743855,0.298345674111978,-5.16599639671691,2.39161397768824e-07,1.09375644476999e-05,"ENSMUSG00000064345.1"
8396.5763787369,-1.10727901847334,0.196176414816975,-5.64430244841811,1.65852294862922e-08,9.82182912289913e-07,"ENSMUSG00000064351.1"
2112.40114493664,-1.30563601278993,0.241475870306095,-5.40690053683172,6.41247293508079e-08,3.40753894371955e-06,"ENSMUSG00000064363.1"
545.986970508103,-1.04535997793711,0.254684733181507,-4.10452548481622,4.05145609818618e-05,0.000965606248776433,"ENSMUSG00000064368.1"
5111.52981806996,-1.07173027274061,0.188747417776718,-5.67811886045735,1.36184075424912e-08,8.11991739820211e-07,"ENSMUSG00000064370.1"
45.0933402368521,-1.4862704323004,0.390905970208978,-3.80211750540888,0.000143464651416954,0.00280656567714097,"ENSMUSG00000064655.1"
121.315628096944,-3.81384166866022,0.407535887179975,-9.35829650500439,8.10325720936884e-21,1.93923155407772e-18,"ENSMUSG00000064899.1"
13.5937954685142,-2.73192974685039,0.706949076174125,-3.86439396969734,0.000111365351992079,0.00225393217475141,"ENSMUSG00000065208.1"
9.37837016457285,-4.86956673025982,1.11118628699598,-4.38231355736433,1.17425642933916e-05,0.000331945951788917,"ENSMUSG00000065539.1"
19.5934827038597,-1.99578936184279,0.571317986725193,-3.49330741936324,0.00047707695046665,0.00773865768305699,"ENSMUSG00000065778.1"
817.142950333209,-1.32665891659516,0.245803719479022,-5.39722881088618,6.7678056726362e-08,3.55055751053917e-06,"ENSMUSG00000065922.1"
513.838002794973,-1.0646495154344,0.239740472993199,-4.44084180756832,8.96076509893043e-06,0.000261157514021139,"ENSMUSG00000066512.3"
336.053109431073,-1.039746640781,0.239437487481426,-4.34245552656687,1.40899013494698e-05,0.000388863470103061,"ENSMUSG00000066687.4"
27.2111603768305,-3.92334177422026,0.638140532544667,-6.14808427631987,7.84243638919956e-10,5.93105470646391e-08,"ENSMUSG00000066720.6"
63.0555748835245,-1.08367423017624,0.316159678322848,-3.42761681668225,0.000608904265130978,0.00938884158149883,"ENSMUSG00000067199.4"
50.1481029372852,-1.2248270261531,0.373006299532675,-3.28366311155506,0.00102467329910177,0.0143437840827788,"ENSMUSG00000067370.3"
34.4929819339526,-2.76473551164747,0.481730802484763,-5.73917112500798,9.51410472633272e-09,5.91499678181611e-07,"ENSMUSG00000068452.7"
9.38875874998582,-2.5667324513189,0.887529705354759,-2.8919961054069,0.00382802692164866,0.0403635224332765,"ENSMUSG00000068638.2"
1364.39527504598,-1.24485068494732,0.221493856023952,-5.6202492804708,1.90682125604763e-08,1.10305189877987e-06,"ENSMUSG00000068740.13"
8.37593064697045,-7.1027826888073,1.41193964741116,-5.0305143720771,4.89165715914811e-07,2.05426083101725e-05,"ENSMUSG00000069132.3"
136.526662205974,-3.09658178123194,0.404479252938734,-7.6557246354017,1.92225218964228e-14,2.97183590734962e-12,"ENSMUSG00000070360.5"
214.633207238876,-1.46247541013879,0.256733976630895,-5.69646226545772,1.22318948280288e-08,7.41983342519663e-07,"ENSMUSG00000070407.5"
38.7345816906823,-1.63848988463443,0.416551116882923,-3.93346655002476,8.37294955313002e-05,0.00176661145764712,"ENSMUSG00000070476.10"
66.8288066455321,-1.27022280524206,0.317704122593192,-3.99813132695334,6.38445272190725e-05,0.00140591788064671,"ENSMUSG00000070803.6"
105.778023762233,-1.04670365509406,0.267215521582669,-3.91707655638649,8.96292917213625e-05,0.00187523799565533,"ENSMUSG00000071253.8"
5.57544117328413,-4.82568765424722,1.46102411343303,-3.30294867133172,0.000956738984779054,0.0135447569401054,"ENSMUSG00000071332.11"
119.214024064801,-1.04905426734139,0.321010503983068,-3.26797489279892,0.00108319974272769,0.0150067402898119,"ENSMUSG00000072115.10"
343.881019049498,-2.05382458364823,0.269960113105362,-7.60788162378139,2.7862485042605e-14,4.19618632495095e-12,"ENSMUSG00000073987.4"
258.337219427417,-1.59290272005514,0.246920496770703,-6.45107530920913,1.11059290728999e-10,9.55766408391929e-09,"ENSMUSG00000074264.12"
276.640726963779,-3.21004766437658,0.27819210368618,-11.5389603868762,8.39334852361678e-31,4.3126999619878e-28,"ENSMUSG00000074268.4"
341.431323983981,-3.02982227373939,0.623170044297667,-4.86195108616637,1.16234348611231e-06,4.40717017536772e-05,"ENSMUSG00000074489.9"
290.052459402973,-5.10891477517987,0.276864436543908,-18.4527664114406,4.95427943451763e-76,1.44252102868372e-72,"ENSMUSG00000074505.4"
79.9827870293259,-1.25642900609597,0.304791659355884,-4.1222552111537,3.7518120626819e-05,0.000906558184440563,"ENSMUSG00000075232.4"
79.0033827307959,-1.04407851612886,0.330524171618859,-3.1588567668595,0.00158389313494716,0.0204334277369065,"ENSMUSG00000075324.13"
12.523758914618,-3.84845694797974,0.862612651595205,-4.46139636471004,8.14273227609734e-06,0.000240293129836859,"ENSMUSG00000075334.2"
99.6411076797395,-1.19674905865196,0.340982429752704,-3.50970887127498,0.000448597569422549,0.00734489178801494,"ENSMUSG00000075514.4"
273.488726399917,-1.11698581799767,0.231712245391088,-4.82057310399111,1.43146387379077e-06,5.30948489917722e-05,"ENSMUSG00000075701.9"
408.4121606854,-1.08579534499681,0.251379610679913,-4.31934532025102,1.56492748591944e-05,0.000424523030730008,"ENSMUSG00000075705.12"
53.2786552600971,-1.31314840980062,0.3675840560901,-3.57237586354603,0.000353757185208252,0.00604119064084864,"ENSMUSG00000076441.9"
12.8332830208089,-3.09232665965137,1.10074807181118,-2.80929554985569,0.00496500434887842,0.0498497850430494,"ENSMUSG00000076666.2"
8.71185117539747,-2.24921542058479,0.792323926514324,-2.83875741387715,0.00452895733558498,0.0461615429712191,"ENSMUSG00000077167.1"
47.4893389082795,-1.12724802243469,0.363341461183729,-3.10244809046079,0.00191927204537277,0.0237462341591093,"ENSMUSG00000078349.2"
83.1970889081648,-2.15453095176336,0.38184510406088,-5.6424213086672,1.67675179194456e-08,9.86291373914865e-07,"ENSMUSG00000078439.9"
598.488293794023,-1.25719763516498,0.254346618935432,-4.9428517682955,7.69880204969735e-07,3.08481816073882e-05,"ENSMUSG00000078520.3"
39.8915277171406,-1.29013001401446,0.43975468589135,-2.93374932753578,0.00334894557951078,0.0365891677761434,"ENSMUSG00000078588.10"
537.603668947325,-1.40215943363999,0.197381538243855,-7.10380234197835,1.21370407630136e-12,1.39496119822268e-10,"ENSMUSG00000078670.3"
10.8138970224041,-2.50925028225813,0.792533552383777,-3.1661123680011,0.00154491101443104,0.0200384421201499,"ENSMUSG00000078851.4"
29.2402517076686,-1.30174700919181,0.43238340030445,-3.01063132459577,0.00260705183876636,0.0301823695316423,"ENSMUSG00000078866.10"
289.440096876573,-1.38778618124172,0.265474149647006,-5.22757557783694,1.71747201489763e-07,8.02252302146033e-06,"ENSMUSG00000079657.10"
14.4365766474392,-3.88851778720448,0.775946128752848,-5.01132442461484,5.40566910405327e-07,2.24850093447168e-05,"ENSMUSG00000081370.1"
61.5384228784467,-5.11589419860281,0.559967616527823,-9.13605367096907,6.47728991912145e-20,1.48892440640858e-17,"ENSMUSG00000081506.1"
79.0614191415637,-1.1548815786619,0.31326337509472,-3.68661538653441,0.000227256424531001,0.0041659703426617,"ENSMUSG00000082536.1"
2490.71897246356,-3.95021372973669,0.217075425117046,-18.1974248241447,5.4091554679791e-74,1.18122432531994e-70,"ENSMUSG00000083079.4"
5.89545595593704,-3.11124572706767,1.10425228192511,-2.81751351388981,0.00483970779615024,0.0488162212463884,"ENSMUSG00000083149.2"
660.189179391571,-1.00575790207726,0.265730552911527,-3.7848786714869,0.000153783585598737,0.00297190181461277,"ENSMUSG00000084128.10"
35359.2891615364,-1.18528249413159,0.20239149554057,-5.8563848790474,4.73051228134076e-09,3.11856790773672e-07,"ENSMUSG00000084174.3"
40.3301354998943,-1.18040592314671,0.381868048892288,-3.09113560710513,0.00199392549174652,0.0244448269058328,"ENSMUSG00000084319.3"
6.31220176612522,-3.42259456672974,1.09901153867261,-3.11424807319454,0.00184414366806554,0.0230526738341845,"ENSMUSG00000085407.1"
42.3529020796914,-2.89662447329004,0.450749625785566,-6.42623822092322,1.3080036910197e-10,1.11467436498118e-08,"ENSMUSG00000085510.1"
11.0505759026487,-2.30614778764343,0.762920607239997,-3.02278869617422,0.00250457058737991,0.0291698987743513,"ENSMUSG00000086010.7"
11.965217306575,-3.13501868249298,0.731183894450854,-4.28759263748211,1.80619939760982e-05,0.000478095507215813,"ENSMUSG00000086155.7"
4086.46042769371,-1.31423734449228,0.263325995113681,-4.99091380600272,6.00943113102743e-07,2.48190926380731e-05,"ENSMUSG00000086324.8"
315.71267082294,-1.07466521259604,0.278541791362471,-3.85818303005583,0.000114233091350032,0.00230179020286627,"ENSMUSG00000086390.7"
114.108179997234,-1.45294128942165,0.321914212108502,-4.5134425097452,6.37837452479248e-06,0.000192452854832685,"ENSMUSG00000086411.1"
5.57800756457677,-3.53540204703801,1.22542476157276,-2.88504211592765,0.00391361302425233,0.0410389072831262,"ENSMUSG00000087009.1"
23.3368369614158,-1.62316301572992,0.544125356019031,-2.98306814371861,0.00285374449120422,0.032226836626592,"ENSMUSG00000087047.8"
5.26865328940454,-3.64303442369962,1.16554047646219,-3.12561811217185,0.00177431801558848,0.0223646000954768,"ENSMUSG00000087436.1"
1417.13570944453,-2.01041641162822,0.257697058677748,-7.80147209263365,6.11891399065743e-15,9.71794794698049e-13,"ENSMUSG00000087667.8"
381.179092312069,-1.00375597723376,0.251414955192062,-3.99242748494007,6.54003358464811e-05,0.00143175923212785,"ENSMUSG00000088246.1"
9.20091916893433,-2.31990434902714,0.803390790677643,-2.88764120269583,0.00388142346854709,0.0407747853250257,"ENSMUSG00000088456.1"
304.092635915938,-1.3143960159956,0.268099261888472,-4.9026469030056,9.4553855144038e-07,3.67079077636965e-05,"ENSMUSG00000088595.1"
236.855698644645,-1.55873521146124,0.302751124643815,-5.14856951661231,2.62480507658143e-07,1.17577806891994e-05,"ENSMUSG00000089855.1"
23.8007445389724,-1.49208661184232,0.47538517959979,-3.13868979487004,0.00169704995202185,0.0216993679206381,"ENSMUSG00000089862.8"
103.587508091303,-1.0243586095558,0.30427960643474,-3.36650432001756,0.000761273898041428,0.0112704825195028,"ENSMUSG00000089911.4"
13.2592312211436,-5.02085117495072,0.944505541051919,-5.3158514764867,1.06159716952789e-07,5.18047557308721e-06,"ENSMUSG00000089997.1"
228.153480990054,-3.37293170149895,0.247267078961273,-13.6408442064672,2.28895365657625e-42,2.35223649296394e-39,"ENSMUSG00000090062.1"
87.2453836190126,-1.12492259649574,0.327946505530622,-3.43020150397881,0.000603133166663475,0.00931630099169842,"ENSMUSG00000092674.2"
313.691979352533,-1.1779509182645,0.24560599067461,-4.79610010744854,1.61784450972619e-06,5.88827991352426e-05,"ENSMUSG00000092702.2"
1850.08062311261,-1.21657115885004,0.262705275736963,-4.63093539114206,3.64017458483206e-06,0.000118204182150588,"ENSMUSG00000092746.2"
2508.43312688239,-1.38778143786988,0.240533410060371,-5.76959948109316,7.94601594271791e-09,5.02869123421155e-07,"ENSMUSG00000092805.2"
4.72908593787467,-3.46668393975151,1.20882125496191,-2.86782179376945,0.00413308259861332,0.0428008020140929,"ENSMUSG00000092898.1"
186.809906663479,-1.44817046137296,0.336589962612732,-4.30247666963014,1.68899460283751e-05,0.000450484514680478,"ENSMUSG00000093056.2"
53.8992174928473,-1.77908898710923,0.410212377896782,-4.33699489086818,1.44443980822795e-05,0.000396143853214166,"ENSMUSG00000093183.2"
241.63540102771,-1.08478491549367,0.218955768702113,-4.95435640688468,7.25700839313732e-07,2.92119669650021e-05,"ENSMUSG00000095105.1"
302.371360154114,-1.33196020948645,0.340819305683721,-3.90811256074356,9.30199694146402e-05,0.00193270543370135,"ENSMUSG00000095204.6"
18.5245763430248,-1.7145607980811,0.582948952536011,-2.94118514257933,0.0032695904714084,0.0359243682613237,"ENSMUSG00000097145.5"
647.17993186388,-1.11332236240406,0.193631593078608,-5.74969375969596,8.94052400092668e-09,5.59824208946914e-07,"ENSMUSG00000097715.1"
14.5841134662236,-3.22897184051847,0.759301847337248,-4.25255364759347,2.11346563881753e-05,0.000550257000151152,"ENSMUSG00000097736.7"
30.3190197263312,-1.38874319534705,0.442794353604944,-3.1363164052134,0.0017108451742779,0.0218113350099394,"ENSMUSG00000097908.7"
33.4902200954889,-1.81336023084653,0.474879926047868,-3.81856577080023,0.000134229798960325,0.00264075967098747,"ENSMUSG00000098343.1"
8.32786377850987,-2.51203033260636,0.855480869579114,-2.93639568333334,0.00332050479000182,0.0363771685525064,"ENSMUSG00000098893.1"
13446.1791542185,-1.1458568593461,0.287824753178643,-3.98109212877499,6.85993525781073e-05,0.00149244170552869,"ENSMUSG00000098973.1"
334.650791719438,-1.2851899156521,0.237822993881073,-5.40397669156743,6.51794179663963e-08,3.44013423526569e-06,"ENSMUSG00000099021.1"
53.354570151684,-2.37771680209389,0.35778822213685,-6.64559830363683,3.01987826949713e-11,2.77669859832183e-09,"ENSMUSG00000099152.1"
569.244058222378,-1.37500164833358,0.205126888255468,-6.70317606837155,2.03937487593517e-11,1.9444877235769e-09,"ENSMUSG00000099250.1"
184.784122024316,-6.48538981809309,0.432401571047609,-14.9985343540276,7.50584880742358e-51,1.00867060512069e-47,"ENSMUSG00000100001.1"
30.3068858751659,-2.31888196173393,0.538947512780044,-4.30261186246594,1.6879640066696e-05,0.000450484514680478,"ENSMUSG00000100862.1"
275.538608714818,-2.49621995765163,0.290115423341404,-8.60423044352976,7.68304836353206e-18,1.63686408427933e-15,"ENSMUSG00000101088.6"
15.3339224231816,-6.09501512058288,1.16055363009686,-5.25181685922964,1.50606173025576e-07,7.1331792175791e-06,"ENSMUSG00000102013.1"
225.680439694465,-1.26672281427665,0.29813003786858,-4.24889361478911,2.14828905555582e-05,0.000556833973302079,"ENSMUSG00000102189.1"
49.5839383470627,-1.29277667246615,0.387913201911101,-3.33264417425634,0.000860248860869429,0.0123895693317304,"ENSMUSG00000103761.1"
40.2624763332342,-2.1388403965577,0.421312196196022,-5.07661638060573,3.84215497896303e-07,1.66033352688575e-05,"ENSMUSG00000104597.1"
15.8822550445215,-2.92535864902507,0.821662968836772,-3.56029024061593,0.000370445121547823,0.00624679176973019,"ENSMUSG00000104918.1"
1556.74344588298,-1.48403318549899,0.248163905434003,-5.98005250966546,2.23065702062884e-09,1.55257283467672e-07,"ENSMUSG00000105703.1"
20.658656265783,-1.84865614591346,0.624941530443988,-2.95812657001701,0.00309515007305955,0.0344409374371658,"ENSMUSG00000105804.1"
161024.476438919,-1.18748157158147,0.267151647592599,-4.44497191869226,8.79033484586824e-06,0.000257231406628674,"ENSMUSG00000106106.2"
6.75860305114674,-3.09999340101801,1.02461723757435,-3.02551361360741,0.00248211230502823,0.0290062695565216,"ENSMUSG00000106120.1"
27.123558307102,-1.54096754809332,0.533501533572641,-2.88840322121304,0.00387203160689301,0.0407496338388078,"ENSMUSG00000106751.1"
31.4863147409267,-1.16884310560944,0.41144039768241,-2.84085644529167,0.00449925607372628,0.0459392189409691,"ENSMUSG00000106779.1"
8.49960371365733,-3.06652870626074,1.02220883072505,-2.99990433861315,0.0027006440984702,0.0309378704264095,"ENSMUSG00000106915.1"
25.9947839615987,-1.58077719554897,0.541557299582081,-2.91894725963227,0.00351215639310152,0.0379217380639577,"ENSMUSG00000107253.1"
31.9447273380384,-1.29733917850005,0.445634498671939,-2.91121801019968,0.00360022718684,0.0385391966630483,"ENSMUSG00000107390.1"
12.0658710257072,-2.872113196884,0.935466133968003,-3.07024818172866,0.00213880962077584,0.0258685923145062,"ENSMUSG00000107605.1"
14.1741444696452,-2.36984196861863,0.698060769078494,-3.39489350153145,0.000686553009496581,0.0103308191868263,"ENSMUSG00000107619.1"
17.5219765822342,-2.09734237211238,0.644425297922817,-3.25459347867435,0.00113554782408762,0.0156163568557342,"ENSMUSG00000109194.1"
27.056667111664,-1.52453865266798,0.477614548195323,-3.19198537487704,0.00141298486965851,0.018560034340552,"ENSMUSG00000109206.1"
241.399681759392,-1.34523725532561,0.209406758547873,-6.42403934168184,1.3270488187743e-10,1.12541470213529e-08,"ENSMUSG00000109305.1"
4.96898262631624,-4.45175251895437,1.41502679004301,-3.14605529045782,0.00165488717691588,0.0212267833925994,"ENSMUSG00000109459.1"
518.020868076484,-1.21407279190062,0.260595639352106,-4.6588377108652,3.17999775982443e-06,0.000104819926158741,"ENSMUSG00000109564.1"
14.5127067108254,-1.96321566895369,0.679810340833312,-2.88788732832039,0.00387838771550257,0.0407747853250257,"ENSMUSG00000109780.1"
15.0076051079147,-4.62464339148969,0.882630319096091,-5.23961537626061,1.60911618030178e-07,7.55679023383656e-06,"ENSMUSG00000110018.1"
118.130357079887,-2.31782072249585,0.333864418592029,-6.94240114676054,3.8549069499968e-12,4.08152875251177e-10,"ENSMUSG00000110086.1"
